[
  {
    "slug": "post-1",
    "date": "2026-02-01",
    "title_tr": "Ağ Güvenliği için 10 Hızlı İpucu",
    "title_en": "10 Quick Tips for Network Security",
    "excerpt_tr": "Kısa kontrol listesi ve pratik öneriler.",
    "excerpt_en": "A short checklist and practical tips.",
    "image": "/assets/img/placeholder-card.svg"
  },
  {
    "slug": "post-2",
    "date": "2026-01-18",
    "title_tr": "Backup 3-2-1 Kuralı Neden Hâlâ En İyisi?",
    "title_en": "Why 3-2-1 Backup Rule Still Wins",
    "excerpt_tr": "Offsite yedekleme ve geri dönüş testleri.",
    "excerpt_en": "Offsite backups and restore testing.",
    "image": "/assets/img/placeholder-card.svg"
  },
  {
    "slug": "post-3",
    "date": "2026-01-05",
    "title_tr": "Firewall Logları Nasıl Okunur?",
    "title_en": "How to Read Firewall Logs",
    "excerpt_tr": "Temel alanlar ve anlamları.",
    "excerpt_en": "Key fields and what they mean.",
    "image": "/assets/img/placeholder-card.svg"
  }
]