[
  {
    "name": "Referans A",
    "logo": "/assets/img/logo-placeholder.svg",
    "url": "#"
  },
  {
    "name": "Referans B",
    "logo": "/assets/img/logo-placeholder.svg",
    "url": "#"
  },
  {
    "name": "Referans C",
    "logo": "/assets/img/logo-placeholder.svg",
    "url": "#"
  },
  {
    "name": "Referans D",
    "logo": "/assets/img/logo-placeholder.svg",
    "url": "#"
  },
  {
    "name": "Referans E",
    "logo": "/assets/img/logo-placeholder.svg",
    "url": "#"
  },
  {
    "name": "Referans F",
    "logo": "/assets/img/logo-placeholder.svg",
    "url": "#"
  },
  {
    "name": "Referans G",
    "logo": "/assets/img/logo-placeholder.svg",
    "url": "#"
  },
  {
    "name": "Referans H",
    "logo": "/assets/img/logo-placeholder.svg",
    "url": "#"
  }
]