[
  {
    "slug": "service-1",
    "title_tr": "Hizmet 1",
    "title_en": "Service 1",
    "excerpt_tr": "Kısa açıklama (panelden değiştir).",
    "excerpt_en": "Short description (editable in admin).",
    "image": "/assets/img/placeholder-card.svg"
  },
  {
    "slug": "service-2",
    "title_tr": "Hizmet 2",
    "title_en": "Service 2",
    "excerpt_tr": "Kısa açıklama (panelden değiştir).",
    "excerpt_en": "Short description (editable in admin).",
    "image": "/assets/img/placeholder-card.svg"
  },
  {
    "slug": "service-3",
    "title_tr": "Hizmet 3",
    "title_en": "Service 3",
    "excerpt_tr": "Kısa açıklama (panelden değiştir).",
    "excerpt_en": "Short description (editable in admin).",
    "image": "/assets/img/placeholder-card.svg"
  },
  {
    "slug": "service-4",
    "title_tr": "Hizmet 4",
    "title_en": "Service 4",
    "excerpt_tr": "Kısa açıklama (panelden değiştir).",
    "excerpt_en": "Short description (editable in admin).",
    "image": "/assets/img/placeholder-card.svg"
  },
  {
    "slug": "service-5",
    "title_tr": "Hizmet 5",
    "title_en": "Service 5",
    "excerpt_tr": "Kısa açıklama (panelden değiştir).",
    "excerpt_en": "Short description (editable in admin).",
    "image": "/assets/img/placeholder-card.svg"
  },
  {
    "slug": "service-6",
    "title_tr": "Hizmet 6",
    "title_en": "Service 6",
    "excerpt_tr": "Kısa açıklama (panelden değiştir).",
    "excerpt_en": "Short description (editable in admin).",
    "image": "/assets/img/placeholder-card.svg"
  }
]